{
    "nodes": [
        {
            "id": "www.google.com",
            "Count": 3410,
            "group": 4
        },
        {
            "id": "www.youtube.com",
            "Count": 2262,
            "group": 6
        },
        {
            "id": "www.linkedin.com",
            "Count": 768,
            "group": 3
        },
        {
            "id": "www.facebook.com",
            "Count": 530,
            "group": 3
        },
        {
            "id": "www.google.fr",
            "Count": 487,
            "group": 4
        },
        {
            "id": "github.com",
            "Count": 398,
            "group": 2
        },
        {
            "id": "mail.google.com",
            "Count": 384,
            "group": 4
        },
        {
            "id": "docs.google.com",
            "Count": 165,
            "group": 4
        },
        {
            "id": "stackoverflow.com",
            "Count": 156,
            "group": 2
        },
        {
            "id": "www.flaticon.com",
            "Count": 109,
            "group": 4
        },
        {
            "id": "sflix.to",
            "Count": 92,
            "group": 6
        },
        {
            "id": "www.leboncoin.fr",
            "Count": 89,
            "group": 4
        },
        {
            "id": "fr.indeed.com",
            "Count": 71,
            "group": 1
        },
        {
            "id": "www.blablacar.fr",
            "Count": 71,
            "group": 6
        },
        {
            "id": "perso.liris.cnrs.fr",
            "Count": 58,
            "group": 1
        },
        {
            "id": "etu.univ-lyon1.fr",
            "Count": 52,
            "group": 1
        },
        {
            "id": "drive.google.com",
            "Count": 48,
            "group": 4
        },
        {
            "id": "univ-lyon1.jobteaser.com",
            "Count": 47,
            "group": 1
        },
        {
            "id": "tomuss.univ-lyon1.fr",
            "Count": 45,
            "group": 1
        },
        {
            "id": "portal.univ-lyon1.fr",
            "Count": 44,
            "group": 1
        },
        {
            "id": "www.airbnb.fr",
            "Count": 42,
            "group": 5
        },
        {
            "id": "scholar.google.com",
            "Count": 40,
            "group": 4
        },
        {
            "id": "towardsdatascience.com",
            "Count": 39,
            "group": 4
        },
        {
            "id": "accounts.google.com",
            "Count": 39,
            "group": 4
        },
        {
            "id": "www.deepl.com",
            "Count": 39,
            "group": 4
        },
        {
            "id": "www.beeple-crap.com",
            "Count": 37,
            "group": 4
        },
        {
            "id": "adelb.univ-lyon1.fr",
            "Count": 36,
            "group": 1
        },
        {
            "id": "clarolineconnect.univ-lyon1.fr",
            "Count": 35,
            "group": 1
        },
        {
            "id": "localhost",
            "Count": 33,
            "group": 4
        }
    ],
    "links": [
        {
            "source": "clarolineconnect.univ-lyon1.fr",
            "target": "tomuss.univ-lyon1.fr",
            "value": 4
        },
        {
            "source": "www.google.fr",
            "target": "adelb.univ-lyon1.fr",
            "value": 7
        },
        {
            "source": "etu.univ-lyon1.fr",
            "target": "github.com",
            "value": 4
        },
        {
            "source": "accounts.google.com",
            "target": "stackoverflow.com",
            "value": 5
        },
        {
            "source": "stackoverflow.com",
            "target": "tomuss.univ-lyon1.fr",
            "value": 3
        },
        {
            "source": "www.flaticon.com",
            "target": "clarolineconnect.univ-lyon1.fr",
            "value": 5
        },
        {
            "source": "tomuss.univ-lyon1.fr",
            "target": "docs.google.com",
            "value": 8
        },
        {
            "source": null,
            "target": "etu.univ-lyon1.fr",
            "value": 4
        },
        {
            "source": "www.blablacar.fr",
            "target": "www.airbnb.fr",
            "value": 9
        },
        {
            "source": "sflix.to",
            "target": "fr.indeed.com",
            "value": 7
        },
        {
            "source": "etu.univ-lyon1.fr",
            "target": "localhost",
            "value": 4
        },
        {
            "source": "www.leboncoin.fr",
            "target": "www.leboncoin.fr",
            "value": 4
        },
        {
            "source": "towardsdatascience.com",
            "target": "perso.liris.cnrs.fr",
            "value": 4
        },
        {
            "source": "localhost",
            "target": "www.google.com",
            "value": 6
        },
        {
            "source": "adelb.univ-lyon1.fr",
            "target": "mail.google.com",
            "value": 5
        },
        {
            "source": "www.google.com",
            "target": null,
            "value": 4
        },
        {
            "source": "towardsdatascience.com",
            "target": "www.beeple-crap.com",
            "value": 0
        },
        {
            "source": "www.leboncoin.fr",
            "target": "www.leboncoin.fr",
            "value": 4
        },
        {
            "source": "github.com",
            "target": "www.flaticon.com",
            "value": 2
        },
        {
            "source": "www.google.fr",
            "target": "docs.google.com",
            "value": 3
        },
        {
            "source": "www.youtube.com",
            "target": "www.airbnb.fr",
            "value": 8
        },
        {
            "source": "portal.univ-lyon1.fr",
            "target": "docs.google.com",
            "value": 9
        },
        {
            "source": "etu.univ-lyon1.fr",
            "target": "stackoverflow.com",
            "value": 7
        },
        {
            "source": "etu.univ-lyon1.fr",
            "target": "www.flaticon.com",
            "value": 4
        },
        {
            "source": "mail.google.com",
            "target": "tomuss.univ-lyon1.fr",
            "value": 1
        },
        {
            "source": "www.airbnb.fr",
            "target": "www.leboncoin.fr",
            "value": 0
        },
        {
            "source": "mail.google.com",
            "target": "github.com",
            "value": 4
        },
        {
            "source": "clarolineconnect.univ-lyon1.fr",
            "target": "adelb.univ-lyon1.fr",
            "value": 4
        },
        {
            "source": "www.airbnb.fr",
            "target": "tomuss.univ-lyon1.fr",
            "value": 3
        },
        {
            "source": "www.leboncoin.fr",
            "target": "etu.univ-lyon1.fr",
            "value": 2
        },
        {
            "source": "www.google.com",
            "target": "www.deepl.com",
            "value": 4
        },
        {
            "source": "github.com",
            "target": "tomuss.univ-lyon1.fr",
            "value": 0
        },
        {
            "source": "accounts.google.com",
            "target": "clarolineconnect.univ-lyon1.fr",
            "value": 4
        },
        {
            "source": "accounts.google.com",
            "target": "scholar.google.com",
            "value": 6
        },
        {
            "source": "portal.univ-lyon1.fr",
            "target": "scholar.google.com",
            "value": 2
        },
        {
            "source": "www.beeple-crap.com",
            "target": "perso.liris.cnrs.fr",
            "value": 1
        },
        {
            "source": "www.blablacar.fr",
            "target": "www.google.com",
            "value": 5
        },
        {
            "source": "www.facebook.com",
            "target": "localhost",
            "value": 8
        },
        {
            "source": "scholar.google.com",
            "target": "mail.google.com",
            "value": 0
        },
        {
            "source": "www.facebook.com",
            "target": "accounts.google.com",
            "value": 5
        },
        {
            "source": "www.flaticon.com",
            "target": "www.google.fr",
            "value": 4
        },
        {
            "source": "towardsdatascience.com",
            "target": "towardsdatascience.com",
            "value": 9
        },
        {
            "source": "www.google.com",
            "target": "stackoverflow.com",
            "value": 6
        },
        {
            "source": "mail.google.com",
            "target": "tomuss.univ-lyon1.fr",
            "value": 6
        },
        {
            "source": "mail.google.com",
            "target": "sflix.to",
            "value": 8
        },
        {
            "source": "github.com",
            "target": "www.deepl.com",
            "value": 7
        },
        {
            "source": "tomuss.univ-lyon1.fr",
            "target": "www.deepl.com",
            "value": 4
        },
        {
            "source": "www.youtube.com",
            "target": "tomuss.univ-lyon1.fr",
            "value": 4
        },
        {
            "source": "sflix.to",
            "target": "www.google.fr",
            "value": 8
        },
        {
            "source": "www.airbnb.fr",
            "target": "www.google.com",
            "value": 7
        },
        {
            "source": "www.google.com",
            "target": "drive.google.com",
            "value": 0
        },
        {
            "source": "www.airbnb.fr",
            "target": "fr.indeed.com",
            "value": 9
        },
        {
            "source": "www.linkedin.com",
            "target": "perso.liris.cnrs.fr",
            "value": 2
        },
        {
            "source": "www.google.fr",
            "target": "www.facebook.com",
            "value": 6
        },
        {
            "source": "perso.liris.cnrs.fr",
            "target": "etu.univ-lyon1.fr",
            "value": 3
        },
        {
            "source": "etu.univ-lyon1.fr",
            "target": "univ-lyon1.jobteaser.com",
            "value": 3
        },
        {
            "source": "www.google.com",
            "target": "sflix.to",
            "value": 7
        },
        {
            "source": "www.blablacar.fr",
            "target": "fr.indeed.com",
            "value": 1
        },
        {
            "source": "fr.indeed.com",
            "target": "www.blablacar.fr",
            "value": 8
        },
        {
            "source": "etu.univ-lyon1.fr",
            "target": "portal.univ-lyon1.fr",
            "value": 1
        },
        {
            "source": "sflix.to",
            "target": "localhost",
            "value": 4
        },
        {
            "source": "www.beeple-crap.com",
            "target": "github.com",
            "value": 3
        },
        {
            "source": "www.airbnb.fr",
            "target": "www.beeple-crap.com",
            "value": 3
        },
        {
            "source": "univ-lyon1.jobteaser.com",
            "target": "mail.google.com",
            "value": 4
        },
        {
            "source": "portal.univ-lyon1.fr",
            "target": "drive.google.com",
            "value": 8
        },
        {
            "source": "www.leboncoin.fr",
            "target": "accounts.google.com",
            "value": 4
        },
        {
            "source": "www.beeple-crap.com",
            "target": "www.deepl.com",
            "value": 3
        },
        {
            "source": "www.flaticon.com",
            "target": "www.linkedin.com",
            "value": 0
        },
        {
            "source": "fr.indeed.com",
            "target": "www.blablacar.fr",
            "value": 7
        },
        {
            "source": "stackoverflow.com",
            "target": "drive.google.com",
            "value": 4
        },
        {
            "source": "adelb.univ-lyon1.fr",
            "target": "drive.google.com",
            "value": 0
        },
        {
            "source": "etu.univ-lyon1.fr",
            "target": "www.airbnb.fr",
            "value": 1
        },
        {
            "source": "www.linkedin.com",
            "target": "www.blablacar.fr",
            "value": 9
        },
        {
            "source": "github.com",
            "target": "docs.google.com",
            "value": 8
        },
        {
            "source": "www.google.fr",
            "target": "etu.univ-lyon1.fr",
            "value": 0
        },
        {
            "source": "drive.google.com",
            "target": "www.airbnb.fr",
            "value": 1
        },
        {
            "source": "perso.liris.cnrs.fr",
            "target": "github.com",
            "value": 3
        },
        {
            "source": null,
            "target": "docs.google.com",
            "value": 1
        },
        {
            "source": null,
            "target": "portal.univ-lyon1.fr",
            "value": 4
        },
        {
            "source": "univ-lyon1.jobteaser.com",
            "target": "accounts.google.com",
            "value": 1
        }
    ]
}