[
    {
        "Website": "www.google.com",
        "Count": 3410
        
    },
    {
        "Website": "www.youtube.com",
        "Count": 2262
        
    },
    {
        "Website": "www.linkedin.com",
        "Count": 768
        
    },
    {
        "Website": "www.facebook.com",
        "Count": 530
        
    },
    {
        "Website": "www.google.fr",
        "Count": 487
        
    },
    {
        "Website": "github.com",
        "Count": 1398
        
    },
    {
        "Website": "mail.google.com",
        "Count": 384
        
    },
    {
        "Website": "localhost",
        "Count": 192
        
    },
    {
        "Website": "docs.google.com",
        "Count": 165
        
    },
    {
        "Website": "stackoverflow.com",
        "Count": 1156
        
    }
]